90,02/07/2024,83535,28/10/2024,TRUE
90,04/06/2024,87310,30/09/2024,TRUE
90,19/06/2024,88793,15/10/2024,TRUE
90,12/07/2024,78978,07/11/2024,TRUE
90,14/06/2024,84057,10/10/2024,TRUE
30,09/04/2021,87895,06/06/2021,FALSE
30,03/03/2021,086082A,30/04/2021,FALSE
90,09/07/2024,78271,04/11/2024,TRUE
90,16/07/2024,85811,11/11/2024,TRUE
180,30/07/2024,81292,23/02/2025,TRUE
180,09/08/2024,86106,05/03/2025,TRUE
180,27/05/2024,87084,21/12/2024,TRUE
90,05/08/2024,88694B,01/12/2024,TRUE
90,08/07/2024,63315,03/11/2024,TRUE
180,08/07/2024,72579,01/02/2025,TRUE
180,19/06/2024,81930,13/01/2025,TRUE
30,05/07/2024,83523,01/09/2024,TRUE
180,21/06/2024,88271,15/01/2025,TRUE
180,21/06/2024,88575,15/01/2025,TRUE
180,24/06/2024,76038,18/01/2025,TRUE
90,30/07/2024,64360,25/11/2024,TRUE
180,26/06/2024,82903,20/01/2025,TRUE
90,02/07/2024,84235,28/10/2024,TRUE
30,07/08/2024,88479,04/10/2024,TRUE
90,13/08/2024,88631,09/12/2024,TRUE
180,09/08/2024,76922,05/03/2025,TRUE
180,04/06/2024,87169,29/12/2024,TRUE
90,04/06/2024,71420,30/09/2024,TRUE
90,08/07/2024,85249,03/11/2024,TRUE
90,14/08/2024,67396,10/12/2024,TRUE
180,24/06/2024,81945,18/01/2025,TRUE
90,01/07/2024,88293,27/10/2024,TRUE
90,25/06/2024,88532,21/10/2024,TRUE
180,10/08/2024,77976,06/03/2025,TRUE
180,19/06/2024,64496,13/01/2025,TRUE
90,02/07/2024,83415,28/10/2024,TRUE
90,05/07/2024,88718A,31/10/2024,TRUE
90,31/07/2024,75635,26/11/2024,TRUE
180,24/06/2024,82225,18/01/2025,TRUE
90,15/07/2024,88790,10/11/2024,TRUE
180,10/08/2024,86663,06/03/2025,TRUE
180,03/06/2024,81086,28/12/2024,TRUE
90,05/06/2024,88769,01/10/2024,TRUE
60,29/06/2020,84423,25/09/2020,FALSE
90,23/07/2024,81121,18/11/2024,TRUE
90,01/07/2024,78858,27/10/2024,TRUE
90,13/08/2024,81540,09/12/2024,TRUE
90,25/06/2024,86116,21/10/2024,TRUE
30,15/07/2024,63671,11/09/2024,TRUE
90,17/07/2024,81906,12/11/2024,TRUE
90,02/07/2024,81895,28/10/2024,TRUE
90,16/07/2024,84090,11/11/2024,TRUE
90,13/08/2024,63587,09/12/2024,TRUE
30,09/07/2024,87529,05/09/2024,TRUE
180,12/08/2024,64508,08/03/2025,TRUE
90,08/07/2024,81640,03/11/2024,TRUE
90,02/07/2024,85800,28/10/2024,TRUE
90,02/07/2024,87414,28/10/2024,TRUE
180,05/06/2024,88687,30/12/2024,TRUE
180,21/06/2024,77824,15/01/2025,TRUE
120,25/11/2020,81794,22/04/2021,FALSE
180,12/08/2024,64200,08/03/2025,TRUE
180,21/06/2024,75409,15/01/2025,TRUE
180,21/06/2024,88622,15/01/2025,TRUE
90,10/06/2024,85640,06/10/2024,TRUE
180,09/08/2024,81321,05/03/2025,TRUE
180,21/06/2024,84352,15/01/2025,TRUE
90,02/07/2024,78560,28/10/2024,TRUE
180,28/06/2024,83333,22/01/2025,TRUE
90,24/06/2024,64854,20/10/2024,TRUE
90,28/06/2024,86010,24/10/2024,TRUE
90,21/06/2024,86125,17/10/2024,TRUE
180,25/06/2024,86525,19/01/2025,TRUE
90,05/07/2024,87203,31/10/2024,TRUE
180,10/06/2024,86777,04/01/2025,TRUE
180,11/06/2024,73350,05/01/2025,TRUE
90,06/08/2024,87122,02/12/2024,TRUE
90,26/06/2024,81312,22/10/2024,TRUE
30,06/08/2024,88814,03/10/2024,TRUE
90,19/06/2024,84226,15/10/2024,TRUE
90,30/07/2024,77233,25/11/2024,TRUE
90,13/08/2024,65837,09/12/2024,TRUE
180,04/06/2024,80967,29/12/2024,TRUE
180,25/06/2024,85285,19/01/2025,TRUE
90,01/07/2024,80247,27/10/2024,TRUE
90,04/06/2024,82208,30/09/2024,TRUE
30,15/07/2024,88756,11/09/2024,TRUE
180,21/06/2024,52047,15/01/2025,TRUE
180,25/06/2024,84807,19/01/2025,TRUE
90,05/07/2024,71117,31/10/2024,TRUE
30,12/07/2024,80710,08/09/2024,TRUE
180,11/06/2024,78781,05/01/2025,TRUE
90,30/07/2024,87201,25/11/2024,TRUE
180,14/06/2024,84237,08/01/2025,TRUE
30,23/07/2024,082757B,19/09/2024,TRUE
90,03/07/2024,71788,29/10/2024,TRUE
90,26/07/2024,86081,21/11/2024,TRUE
180,09/08/2024,80271,05/03/2025,TRUE
90,26/06/2024,80870,22/10/2024,TRUE
180,21/06/2024,80180,15/01/2025,TRUE
30,05/07/2024,87649,01/09/2024,TRUE
90,19/07/2024,85188,14/11/2024,TRUE
90,05/12/2023,66846,01/04/2024,FALSE
90,19/06/2024,88021,15/10/2024,TRUE
90,02/07/2024,88626,28/10/2024,TRUE
180,03/06/2024,82951,28/12/2024,TRUE
180,19/06/2024,88741,13/01/2025,TRUE
90,03/07/2024,87890,29/10/2024,TRUE
90,10/06/2024,74379,06/10/2024,TRUE
30,25/06/2024,81703,22/08/2024,FALSE
30,07/08/2024,82254,04/10/2024,TRUE
30,26/06/2024,67699,23/08/2024,FALSE
90,01/07/2024,86419,27/10/2024,TRUE
90,08/07/2024,81901,03/11/2024,TRUE
30,12/08/2024,87720,09/10/2024,TRUE
90,28/06/2024,65276,24/10/2024,TRUE
90,25/06/2024,88768,21/10/2024,TRUE
180,21/06/2024,59089,15/01/2025,TRUE
180,21/06/2024,88660,15/01/2025,TRUE
90,03/07/2024,88023,29/10/2024,TRUE
180,10/08/2024,64626,06/03/2025,TRUE
180,24/06/2024,81171,18/01/2025,TRUE
90,28/06/2024,71725,24/10/2024,TRUE
90,25/06/2024,83788,21/10/2024,TRUE
180,21/06/2024,87836,15/01/2025,TRUE
90,09/08/2024,72587,05/12/2024,TRUE
180,16/03/2024,86265,10/10/2024,TRUE
90,23/07/2024,78455,18/11/2024,TRUE
90,09/07/2024,80469,04/11/2024,TRUE
90,24/06/2024,83979,20/10/2024,TRUE
180,28/06/2024,85483,22/01/2025,TRUE
180,09/08/2024,87269,05/03/2025,TRUE
90,23/07/2024,85358,18/11/2024,TRUE
90,14/08/2024,78579,10/12/2024,TRUE
90,09/07/2024,82341,04/11/2024,TRUE
180,28/06/2024,72574,22/01/2025,TRUE
90,14/06/2024,87501,10/10/2024,TRUE
90,08/07/2024,80161,03/11/2024,TRUE
180,04/06/2024,85116,29/12/2024,TRUE
30,25/01/2021,85020,24/03/2021,FALSE
180,03/06/2024,86284,28/12/2024,TRUE
90,28/06/2024,85330,24/10/2024,TRUE
90,09/07/2024,78185,04/11/2024,TRUE
90,03/07/2024,76849,29/10/2024,TRUE
180,25/06/2024,82971,19/01/2025,TRUE
180,03/06/2024,78243,28/12/2024,TRUE
90,09/08/2024,87722,05/12/2024,TRUE
180,14/06/2024,86908,08/01/2025,TRUE
90,21/06/2024,64058,17/10/2024,TRUE
90,26/06/2024,85780,22/10/2024,TRUE
180,10/06/2024,63956,04/01/2025,TRUE
180,28/06/2024,65824,22/01/2025,TRUE
180,11/06/2024,83770,05/01/2025,TRUE
180,19/06/2024,83881,13/01/2025,TRUE
90,30/07/2024,78958,25/11/2024,TRUE
30,09/07/2024,71116,05/09/2024,TRUE
90,29/09/2021,80848,25/01/2022,FALSE
90,10/08/2024,87345,06/12/2024,TRUE
90,05/07/2024,76382,31/10/2024,TRUE
30,05/07/2024,88808,01/09/2024,TRUE
180,27/05/2024,83819,21/12/2024,TRUE
90,07/06/2024,88774,03/10/2024,TRUE
90,09/08/2024,86917,05/12/2024,TRUE
180,24/06/2024,85775,18/01/2025,TRUE
180,16/05/2024,85873,10/12/2024,TRUE
180,09/08/2024,86543,05/03/2025,TRUE
90,01/07/2024,85817,27/10/2024,TRUE
90,12/07/2024,84793,07/11/2024,TRUE
90,02/07/2024,86329,28/10/2024,TRUE
30,23/07/2024,87113,19/09/2024,TRUE
90,01/07/2024,88702,27/10/2024,TRUE
180,03/06/2024,82471,28/12/2024,TRUE
20,08/03/2021,84624,25/04/2021,FALSE
90,21/06/2024,66155,17/10/2024,TRUE
90,26/07/2024,88043,21/11/2024,TRUE
90,10/07/2024,88637,05/11/2024,TRUE
90,21/06/2024,82237,17/10/2024,TRUE
90,17/07/2024,83026,12/11/2024,TRUE
180,05/06/2024,82102,30/12/2024,TRUE
30,07/08/2024,82487,04/10/2024,TRUE
180,18/02/2024,84318,13/09/2024,TRUE
180,25/06/2024,81686,19/01/2025,TRUE
180,11/06/2024,67665,05/01/2025,TRUE
90,15/07/2024,80530,10/11/2024,TRUE
180,25/06/2024,77910,19/01/2025,TRUE
180,24/06/2024,87629,18/01/2025,TRUE
90,22/07/2024,85585,17/11/2024,TRUE
180,10/06/2024,82024,04/01/2025,TRUE
90,25/07/2024,88563,20/11/2024,TRUE
30,23/07/2024,86233,19/09/2024,TRUE
90,15/07/2024,80224,10/11/2024,TRUE
30,10/07/2024,67883,06/09/2024,TRUE
90,25/06/2024,85889,21/10/2024,TRUE
180,10/06/2024,78426,04/01/2025,TRUE
30,07/08/2024,88821,04/10/2024,TRUE
30,15/07/2024,58447,11/09/2024,TRUE
180,09/08/2024,78608,05/03/2025,TRUE
90,15/07/2024,78198,10/11/2024,TRUE
90,14/06/2024,88758,10/10/2024,TRUE
180,28/06/2024,66469,22/01/2025,TRUE
90,23/07/2024,85813,18/11/2024,TRUE
180,10/06/2024,80582,04/01/2025,TRUE
90,02/07/2024,88019,28/10/2024,TRUE
180,09/08/2024,88510,05/03/2025,TRUE
180,11/06/2024,86083,05/01/2025,TRUE
180,04/04/2024,84916,29/10/2024,TRUE
90,09/08/2024,87599,05/12/2024,TRUE
180,01/07/2024,84865,25/01/2025,TRUE
90,01/07/2024,87619,27/10/2024,TRUE
30,07/08/2024,88799,04/10/2024,TRUE
30,29/07/2024,82287,25/09/2024,TRUE
90,25/06/2024,81776,21/10/2024,TRUE
180,19/06/2024,82567,13/01/2025,TRUE
90,22/07/2024,87438,17/11/2024,TRUE
90,05/03/2024,75715,01/07/2024,FALSE
180,10/06/2024,72572,04/01/2025,TRUE
90,29/07/2024,87439,24/11/2024,TRUE
180,27/05/2024,86544,21/12/2024,TRUE
30,07/08/2024,85393,04/10/2024,TRUE
90,25/06/2024,88368,21/10/2024,TRUE
180,18/05/2024,86679,12/12/2024,TRUE
180,09/08/2024,78235,05/03/2025,TRUE
180,13/08/2024,83675,09/03/2025,TRUE
90,12/07/2024,85141,07/11/2024,TRUE
180,24/06/2024,74477,18/01/2025,TRUE
30,06/08/2024,81239,03/10/2024,TRUE
180,09/08/2024,84026,05/03/2025,TRUE
180,09/08/2024,80514,05/03/2025,TRUE
180,21/06/2024,84703,15/01/2025,TRUE
90,16/07/2024,83012,11/11/2024,TRUE
30,06/08/2024,81019,03/10/2024,TRUE
180,10/08/2024,88639,06/03/2025,TRUE
90,22/07/2024,71122,17/11/2024,TRUE
180,04/06/2024,85117,29/12/2024,TRUE
90,19/06/2024,87177,15/10/2024,TRUE
90,08/07/2024,78772,03/11/2024,TRUE
180,11/06/2024,78277,05/01/2025,TRUE
180,26/06/2024,86217,20/01/2025,TRUE
90,22/07/2024,86241,17/11/2024,TRUE
90,15/07/2024,87356,10/11/2024,TRUE
180,24/05/2024,81161,18/12/2024,TRUE
180,09/08/2024,87498,05/03/2025,TRUE
90,09/07/2024,82790,04/11/2024,TRUE
90,25/06/2024,87727,21/10/2024,TRUE
180,09/08/2024,88014,05/03/2025,TRUE
90,19/06/2024,88778,15/10/2024,TRUE
90,15/07/2024,87524,10/11/2024,TRUE
180,09/08/2024,87253,05/03/2025,TRUE
90,25/06/2024,83202,21/10/2024,TRUE
90,02/07/2024,85588,28/10/2024,TRUE
180,11/06/2024,81581,05/01/2025,TRUE
30,31/07/2024,82580,27/09/2024,TRUE
180,14/06/2024,82277,08/01/2025,TRUE
90,02/07/2024,80892,28/10/2024,TRUE
180,12/08/2024,88146,08/03/2025,TRUE
90,03/06/2024,84925,29/09/2024,TRUE
90,31/07/2024,80244,26/11/2024,TRUE
90,21/06/2024,83430,17/10/2024,TRUE
30,31/07/2024,84154,27/09/2024,TRUE
90,30/07/2024,82267,25/11/2024,TRUE
180,25/06/2024,87706,19/01/2025,TRUE
90,28/06/2024,88788,24/10/2024,TRUE
180,25/06/2024,73151,19/01/2025,TRUE
180,10/05/2024,81208,04/12/2024,TRUE
180,14/08/2024,87377,10/03/2025,TRUE
180,04/06/2024,88547,29/12/2024,TRUE
180,14/06/2024,86832,08/01/2025,TRUE
180,28/06/2024,62350,22/01/2025,TRUE
90,10/06/2024,75708,06/10/2024,TRUE
90,15/07/2024,87226,10/11/2024,TRUE
90,12/07/2024,84548,07/11/2024,TRUE
90,09/07/2024,86052,04/11/2024,TRUE
180,21/06/2024,82516,15/01/2025,TRUE
90,21/06/2024,80767,17/10/2024,TRUE
30,12/08/2024,86762,09/10/2024,TRUE
90,23/07/2024,87393,18/11/2024,TRUE
180,24/06/2024,87440,18/01/2025,TRUE
30,25/06/2024,84466,22/08/2024,FALSE
30,07/08/2024,84411,04/10/2024,TRUE
90,09/07/2024,87559,04/11/2024,TRUE
180,28/06/2024,86462,22/01/2025,TRUE
180,14/08/2024,83336,10/03/2025,TRUE
30,15/07/2024,82284,11/09/2024,TRUE
60,26/03/2024,65820,22/06/2024,FALSE
180,23/05/2024,77751,17/12/2024,TRUE
180,25/06/2024,60946,19/01/2025,TRUE
30,05/08/2024,63463,02/10/2024,TRUE
90,19/07/2024,69079,14/11/2024,TRUE
30,06/08/2024,87839,03/10/2024,TRUE
180,25/06/2024,73607,19/01/2025,TRUE
180,26/06/2024,80181,20/01/2025,TRUE
180,24/06/2024,82052,18/01/2025,TRUE
90,16/07/2024,85687,11/11/2024,TRUE
90,21/06/2024,84022,17/10/2024,TRUE
30,09/08/2024,83108,06/10/2024,TRUE
180,09/08/2024,85749,05/03/2025,TRUE
90,30/07/2024,87046,25/11/2024,TRUE
180,10/08/2024,88002,06/03/2025,TRUE
180,19/06/2024,78018,13/01/2025,TRUE
30,23/07/2024,88422,19/09/2024,TRUE
90,09/07/2024,0082182A,04/11/2024,TRUE
180,28/06/2024,85150,22/01/2025,TRUE
30,03/03/2021,76389,30/04/2021,FALSE
180,10/08/2024,68272,06/03/2025,TRUE
90,05/07/2024,88717,31/10/2024,TRUE
180,10/06/2024,85410,04/01/2025,TRUE
90,29/07/2024,87936,24/11/2024,TRUE
90,16/07/2024,0088642A,11/11/2024,TRUE
180,24/06/2024,87663,18/01/2025,TRUE
180,12/08/2024,81806,08/03/2025,TRUE
90,02/05/2024,86851,28/08/2024,TRUE
30,28/06/2024,87127,25/08/2024,TRUE
90,07/06/2024,83450,03/10/2024,TRUE
90,25/06/2024,78742,21/10/2024,TRUE
180,21/06/2024,87829,15/01/2025,TRUE
90,01/07/2024,73328,27/10/2024,TRUE
90,01/07/2024,84113,27/10/2024,TRUE
90,19/07/2024,81657,14/11/2024,TRUE
30,09/07/2024,63815,05/09/2024,TRUE
30,09/08/2024,71727,06/10/2024,TRUE
90,08/07/2024,80736,03/11/2024,TRUE
90,16/07/2024,86901,11/11/2024,TRUE
90,15/07/2024,86079,10/11/2024,TRUE
180,04/06/2024,88573,29/12/2024,TRUE
180,05/06/2024,85833,30/12/2024,TRUE
30,09/07/2024,87286,05/09/2024,TRUE
15,29/07/2024,88817,10/09/2024,TRUE
180,25/06/2024,84978,19/01/2025,TRUE
90,25/06/2024,87929,21/10/2024,TRUE
90,30/05/2023,76853,25/09/2023,FALSE
90,06/08/2024,83451,02/12/2024,TRUE
180,30/04/2024,79010,24/11/2024,TRUE
15,12/08/2024,88826,24/09/2024,TRUE
90,28/06/2024,88789,24/10/2024,TRUE
90,10/06/2024,88346,06/10/2024,TRUE
90,28/06/2024,82570,24/10/2024,TRUE
90,09/07/2024,80115,04/11/2024,TRUE
90,19/06/2024,87668,15/10/2024,TRUE
30,09/08/2024,83020,06/10/2024,TRUE
180,19/06/2024,80328,13/01/2025,TRUE
90,21/06/2024,88038,17/10/2024,TRUE
180,07/06/2024,84531,01/01/2025,TRUE
90,05/07/2024,86365,31/10/2024,TRUE
180,05/06/2024,84666,30/12/2024,TRUE
30,06/08/2024,88815,03/10/2024,TRUE
90,21/06/2024,78550,17/10/2024,TRUE
180,14/03/2024,81509,08/10/2024,TRUE
180,09/08/2024,82722,05/03/2025,TRUE
180,09/08/2024,85183,05/03/2025,TRUE
90,29/07/2024,67989,24/11/2024,TRUE
90,05/07/2024,85457,31/10/2024,TRUE
90,08/07/2024,78064,03/11/2024,TRUE
90,29/07/2024,82380,24/11/2024,TRUE
180,25/06/2024,80579,19/01/2025,TRUE
180,09/08/2024,87144,05/03/2025,TRUE
90,02/07/2024,78926,28/10/2024,TRUE
180,10/06/2024,82030,04/01/2025,TRUE
180,19/06/2024,88363,13/01/2025,TRUE
90,09/07/2024,83784,04/11/2024,TRUE
90,03/06/2024,87941,29/09/2024,TRUE
90,05/07/2024,78153,31/10/2024,TRUE
180,25/06/2024,0088682B,19/01/2025,TRUE
180,11/06/2024,78837,05/01/2025,TRUE
90,15/07/2024,82232,10/11/2024,TRUE
90,04/06/2024,78541,30/09/2024,TRUE
180,14/06/2024,83206,08/01/2025,TRUE
90,02/07/2024,88614,28/10/2024,TRUE
180,25/06/2024,88087,19/01/2025,TRUE
90,01/07/2024,86415,27/10/2024,TRUE
180,05/06/2024,64638,30/12/2024,TRUE
180,14/06/2024,88407,08/01/2025,TRUE
30,08/07/2024,072561B,04/09/2024,TRUE
90,21/06/2024,81593,17/10/2024,TRUE
90,09/08/2024,79042,05/12/2024,TRUE
180,26/06/2024,88434,20/01/2025,TRUE
180,21/06/2024,88748,15/01/2025,TRUE
90,02/07/2024,85649,28/10/2024,TRUE
180,10/06/2024,67111,04/01/2025,TRUE
180,28/06/2024,82019,22/01/2025,TRUE
90,04/06/2024,69234,30/09/2024,TRUE
180,04/06/2024,88059,29/12/2024,TRUE
60,05/05/2023,86211,01/08/2023,FALSE
180,09/08/2024,83994,05/03/2025,TRUE
180,03/06/2024,84032,28/12/2024,TRUE
90,12/08/2024,88819,08/12/2024,TRUE
30,09/07/2024,79021,05/09/2024,TRUE
180,09/08/2024,88705,05/03/2025,TRUE
90,02/07/2024,64263,28/10/2024,TRUE
180,14/06/2024,88562,08/01/2025,TRUE
90,08/07/2024,78096,03/11/2024,TRUE
180,11/06/2024,82299,05/01/2025,TRUE
30,12/07/2024,88802,08/09/2024,TRUE
90,01/07/2024,88065,27/10/2024,TRUE
180,09/08/2024,78767,05/03/2025,TRUE
180,09/08/2024,73318,05/03/2025,TRUE
180,23/07/2024,67678,16/02/2025,TRUE
90,21/06/2024,78287,17/10/2024,TRUE
90,08/07/2024,81335,03/11/2024,TRUE
180,19/06/2024,64251,13/01/2025,TRUE
90,15/07/2024,86256,10/11/2024,TRUE
180,09/08/2024,88403,05/03/2025,TRUE
180,16/11/2021,78922,12/06/2022,FALSE
90,02/07/2024,78234,28/10/2024,TRUE
180,21/06/2024,85621,15/01/2025,TRUE
180,26/06/2024,84198,20/01/2025,TRUE
90,09/07/2024,86899,04/11/2024,TRUE
90,08/07/2024,72849,03/11/2024,TRUE
180,27/05/2024,80076,21/12/2024,TRUE
90,23/07/2024,80822,18/11/2024,TRUE
90,26/07/2024,82728,21/11/2024,TRUE
30,01/07/2024,84956,28/08/2024,TRUE
30,07/08/2024,80592,04/10/2024,TRUE
90,25/06/2024,86288,21/10/2024,TRUE
180,25/06/2024,88332,19/01/2025,TRUE
180,05/06/2024,80236,30/12/2024,TRUE
90,21/06/2024,85956,17/10/2024,TRUE
30,07/08/2024,77094,04/10/2024,TRUE
90,28/06/2024,81914,24/10/2024,TRUE
180,09/08/2024,80646,05/03/2025,TRUE
180,05/06/2024,88459,30/12/2024,TRUE
180,28/06/2024,87623,22/01/2025,TRUE
180,25/06/2024,88347,19/01/2025,TRUE
90,03/06/2024,83280,29/09/2024,TRUE
90,30/07/2024,88314,25/11/2024,TRUE
90,13/08/2024,88726,09/12/2024,TRUE
180,19/06/2024,88520,13/01/2025,TRUE
180,10/08/2024,83329,06/03/2025,TRUE
180,26/06/2024,83511,20/01/2025,TRUE
180,10/06/2024,71801,04/01/2025,TRUE
90,01/07/2024,83918,27/10/2024,TRUE
180,09/08/2024,87244,05/03/2025,TRUE
90,05/08/2024,77947,01/12/2024,TRUE
90,05/07/2024,73601,31/10/2024,TRUE
90,28/06/2024,82422,24/10/2024,TRUE
90,28/06/2024,76051,24/10/2024,TRUE
60,12/11/2019,84140,08/02/2020,FALSE
180,25/06/2024,86981,19/01/2025,TRUE
90,08/07/2024,88710,03/11/2024,TRUE
180,25/07/2024,78785,18/02/2025,TRUE
180,24/06/2024,87943,18/01/2025,TRUE
180,07/06/2024,87624,01/01/2025,TRUE
90,29/07/2024,0081382B,24/11/2024,TRUE
90,08/07/2024,83470,03/11/2024,TRUE
180,24/06/2024,78982,18/01/2025,TRUE
180,19/06/2024,85302,13/01/2025,TRUE
180,05/06/2024,73341,30/12/2024,TRUE
30,06/08/2024,78262,03/10/2024,TRUE
180,04/06/2024,70652,29/12/2024,TRUE
180,10/04/2024,80234,04/11/2024,TRUE
180,27/05/2024,83862,21/12/2024,TRUE
180,13/08/2024,65817,09/03/2025,TRUE
90,21/06/2024,85557,17/10/2024,TRUE
180,07/06/2024,84965,01/01/2025,TRUE
180,19/06/2024,78723,13/01/2025,TRUE
90,30/07/2024,87826,25/11/2024,TRUE
90,02/07/2024,78322,28/10/2024,TRUE
90,08/07/2024,87553,03/11/2024,TRUE
90,02/07/2024,88691,28/10/2024,TRUE
180,03/06/2024,78599,28/12/2024,TRUE
90,03/07/2024,88523,29/10/2024,TRUE
90,21/06/2024,88370,17/10/2024,TRUE
180,21/06/2024,85891,15/01/2025,TRUE
90,01/07/2024,82520,27/10/2024,TRUE
180,28/06/2024,80215,22/01/2025,TRUE
90,19/07/2024,87063,14/11/2024,TRUE
30,07/08/2024,85819,04/10/2024,TRUE
30,07/08/2024,74481,04/10/2024,TRUE
90,30/07/2024,83313,25/11/2024,TRUE
180,09/08/2024,81234,05/03/2025,TRUE
150,28/06/2024,82742,23/12/2024,TRUE
30,05/07/2024,87773,01/09/2024,TRUE
180,24/06/2024,86685,18/01/2025,TRUE
180,24/05/2024,88611,18/12/2024,TRUE
90,26/06/2024,88596,22/10/2024,TRUE
180,21/06/2024,86001,15/01/2025,TRUE
180,07/06/2024,84460,01/01/2025,TRUE
180,26/06/2024,80850,20/01/2025,TRUE
30,31/07/2024,85599,27/09/2024,TRUE
90,26/06/2024,87933,22/10/2024,TRUE
180,19/06/2024,87635,13/01/2025,TRUE
30,03/07/2024,85227,30/08/2024,TRUE
90,09/07/2024,80466,04/11/2024,TRUE
180,21/06/2024,87071,15/01/2025,TRUE
90,09/08/2024,67782,05/12/2024,TRUE
90,23/07/2024,86236,18/11/2024,TRUE
90,25/06/2024,77924,21/10/2024,TRUE
30,06/08/2024,84035,03/10/2024,TRUE
30,15/07/2024,88770,11/09/2024,TRUE
180,25/06/2024,71196,19/01/2025,TRUE
90,24/07/2024,84126,19/11/2024,TRUE
90,17/07/2024,71965,12/11/2024,TRUE
180,27/05/2024,82271,21/12/2024,TRUE
90,05/06/2024,86885,01/10/2024,TRUE
90,30/07/2024,88777,25/11/2024,TRUE
180,21/06/2024,84452,15/01/2025,TRUE
180,25/06/2024,63053,19/01/2025,TRUE
180,10/06/2024,82010,04/01/2025,TRUE
90,02/07/2024,85691,28/10/2024,TRUE
180,14/05/2024,85207,08/12/2024,TRUE
90,26/06/2024,88178,22/10/2024,TRUE
90,11/06/2024,68460,07/10/2024,TRUE
90,01/07/2024,88670A,27/10/2024,TRUE
180,14/06/2024,87299,08/01/2025,TRUE
180,28/06/2024,077735B,22/01/2025,TRUE
90,23/07/2024,68309,18/11/2024,TRUE
90,08/07/2024,87926,03/11/2024,TRUE
90,22/07/2024,78062,17/11/2024,TRUE
30,05/07/2024,86879,01/09/2024,TRUE
90,08/07/2024,88672A,03/11/2024,TRUE
180,24/06/2024,71136,18/01/2025,TRUE
90,19/07/2024,85526,14/11/2024,TRUE
90,21/06/2024,84173,17/10/2024,TRUE
180,09/08/2024,75777,05/03/2025,TRUE
90,12/08/2024,87355,08/12/2024,TRUE
90,23/05/2024,86161,18/09/2024,TRUE
180,09/08/2024,84814,05/03/2025,TRUE
180,03/06/2024,85647,28/12/2024,TRUE
180,21/06/2024,86731,15/01/2025,TRUE
90,12/08/2024,83947,08/12/2024,TRUE
180,09/08/2024,85690,05/03/2025,TRUE
90,02/07/2024,88541,28/10/2024,TRUE
180,26/07/2024,71987,19/02/2025,TRUE
90,14/08/2024,78536,10/12/2024,TRUE
90,23/07/2024,88150,18/11/2024,TRUE
30,23/07/2024,78587,19/09/2024,TRUE
30,12/08/2024,88644,09/10/2024,TRUE
180,09/08/2024,85741,05/03/2025,TRUE
180,14/05/2024,86173,08/12/2024,TRUE
180,28/05/2024,63490,22/12/2024,TRUE
90,05/08/2024,75406,01/12/2024,TRUE
90,15/07/2024,83510,10/11/2024,TRUE
180,19/06/2024,78776,13/01/2025,TRUE
90,05/07/2024,82897,31/10/2024,TRUE
180,24/06/2024,88313,18/01/2025,TRUE
30,26/03/2021,80537,23/05/2021,FALSE
30,06/08/2024,88823,03/10/2024,TRUE
180,12/08/2024,87023,08/03/2025,TRUE
90,18/08/2021,71133,14/12/2021,FALSE
180,09/08/2024,81218,05/03/2025,TRUE
180,28/06/2024,78170,22/01/2025,TRUE
30,13/08/2024,81732,10/10/2024,TRUE
90,30/07/2024,86519,25/11/2024,TRUE
180,19/06/2024,87639,13/01/2025,TRUE
180,19/06/2024,67334,13/01/2025,TRUE
90,03/07/2024,68306,29/10/2024,TRUE
90,30/07/2024,88753A,25/11/2024,TRUE
90,09/07/2024,88757,04/11/2024,TRUE
90,10/06/2024,88503,06/10/2024,TRUE
90,08/07/2024,78923,03/11/2024,TRUE
90,22/07/2024,73107,17/11/2024,TRUE
90,01/07/2024,88027,27/10/2024,TRUE
30,23/12/2020,84601,19/02/2021,FALSE
180,25/06/2024,78586,19/01/2025,TRUE
180,23/04/2024,78868,17/11/2024,TRUE
90,21/06/2024,85379,17/10/2024,TRUE
90,29/07/2024,82499,24/11/2024,TRUE
90,16/07/2024,88780,11/11/2024,TRUE
180,25/06/2024,76200,19/01/2025,TRUE
90,06/08/2024,77935,02/12/2024,TRUE
90,02/07/2024,64221,28/10/2024,TRUE
90,08/07/2024,87022,03/11/2024,TRUE
180,14/06/2024,86764,08/01/2025,TRUE
180,25/06/2024,82629,19/01/2025,TRUE
30,24/07/2024,74556,20/09/2024,TRUE
180,21/06/2024,88372,15/01/2025,TRUE
180,09/04/2024,85312,03/11/2024,TRUE
180,19/06/2024,84220,13/01/2025,TRUE
30,26/06/2024,77525,23/08/2024,FALSE
90,29/07/2024,88103,24/11/2024,TRUE
30,26/06/2024,87475,23/08/2024,FALSE
30,06/08/2024,85348,03/10/2024,TRUE
180,02/04/2024,66939,27/10/2024,TRUE
90,16/07/2024,88191,11/11/2024,TRUE
180,28/06/2024,69056,22/01/2025,TRUE
180,11/06/2024,78804,05/01/2025,TRUE
90,02/07/2024,87313,28/10/2024,TRUE
30,08/07/2024,81205,04/09/2024,TRUE
180,25/06/2024,80191,19/01/2025,TRUE
180,12/08/2024,77265,08/03/2025,TRUE
90,09/07/2024,83447,04/11/2024,TRUE
180,19/06/2024,71792,13/01/2025,TRUE
90,01/07/2024,67405,27/10/2024,TRUE
180,05/06/2024,85521,30/12/2024,TRUE
180,28/05/2024,69055,22/12/2024,TRUE
180,07/06/2024,85245,01/01/2025,TRUE
90,30/07/2024,81665,25/11/2024,TRUE
84,12/08/2024,88824,02/12/2024,TRUE
180,24/06/2024,87421,18/01/2025,TRUE
90,01/07/2024,88455,27/10/2024,TRUE
90,21/06/2024,85525,17/10/2024,TRUE
90,13/08/2024,83828,09/12/2024,TRUE
90,10/06/2024,78356,06/10/2024,TRUE
90,10/06/2024,88784,06/10/2024,TRUE
90,11/06/2024,83153,07/10/2024,TRUE
180,28/06/2024,88692,22/01/2025,TRUE
90,19/07/2024,88411,14/11/2024,TRUE
90,09/08/2024,85865,05/12/2024,TRUE
180,25/06/2024,80339,19/01/2025,TRUE
90,19/06/2024,87237,15/10/2024,TRUE
90,31/07/2024,86992,26/11/2024,TRUE
30,15/07/2024,78508,11/09/2024,TRUE
90,23/07/2024,77081,18/11/2024,TRUE
90,29/07/2024,85814,24/11/2024,TRUE
90,15/07/2024,88558,10/11/2024,TRUE
180,09/08/2024,83453,05/03/2025,TRUE
90,19/06/2024,86660,15/10/2024,TRUE
90,16/07/2024,67345,11/11/2024,TRUE
180,25/06/2024,84541,19/01/2025,TRUE
180,26/06/2024,88722,20/01/2025,TRUE
180,19/06/2024,67048,13/01/2025,TRUE
30,31/07/2024,85568,27/09/2024,TRUE
90,08/07/2024,84070,03/11/2024,TRUE
90,10/07/2024,88511,05/11/2024,TRUE
180,11/12/2023,87822,06/07/2024,FALSE
90,09/07/2024,80355,04/11/2024,TRUE
90,12/08/2024,83500,08/12/2024,TRUE
180,09/08/2024,85057,05/03/2025,TRUE
90,21/06/2024,87205,17/10/2024,TRUE
180,09/08/2024,84922,05/03/2025,TRUE
90,11/06/2024,83053,07/10/2024,TRUE
90,15/07/2024,81600,10/11/2024,TRUE
90,11/06/2024,74158,07/10/2024,TRUE
90,27/05/2024,88175,22/09/2024,TRUE
180,24/06/2024,87818,18/01/2025,TRUE
90,05/07/2024,73576,31/10/2024,TRUE
180,07/06/2024,87376,01/01/2025,TRUE
180,14/06/2024,83474,08/01/2025,TRUE
180,19/06/2024,67341,13/01/2025,TRUE
90,08/07/2024,69112,03/11/2024,TRUE
180,25/06/2024,82336,19/01/2025,TRUE
90,30/07/2024,86564,25/11/2024,TRUE
90,08/07/2024,83772,03/11/2024,TRUE
90,02/07/2024,83860,28/10/2024,TRUE
180,11/06/2024,84030,05/01/2025,TRUE
180,25/06/2024,65283,19/01/2025,TRUE
180,10/06/2024,81163,04/01/2025,TRUE
90,08/07/2024,85644,03/11/2024,TRUE
180,25/06/2024,65970,19/01/2025,TRUE
30,31/07/2024,85472,27/09/2024,TRUE
180,04/06/2024,84361,29/12/2024,TRUE
180,11/06/2024,80298,05/01/2025,TRUE
90,06/08/2024,67991,02/12/2024,TRUE
30,21/06/2024,86661,18/08/2024,FALSE
180,26/06/2024,81673,20/01/2025,TRUE
90,21/06/2024,68321,17/10/2024,TRUE
90,04/06/2024,78841,30/09/2024,TRUE
90,23/07/2024,69088,18/11/2024,TRUE
90,03/07/2024,66549,29/10/2024,TRUE
90,07/06/2024,78546,03/10/2024,TRUE
180,12/08/2024,88376,08/03/2025,TRUE
180,21/06/2024,87948,15/01/2025,TRUE
90,03/07/2024,78323,29/10/2024,TRUE
180,10/06/2024,83034,04/01/2025,TRUE
180,11/06/2024,65426,05/01/2025,TRUE
180,11/06/2024,84615,05/01/2025,TRUE
90,28/06/2024,87828,24/10/2024,TRUE
180,26/03/2024,85863,20/10/2024,TRUE
180,09/08/2024,86220,05/03/2025,TRUE
90,05/07/2024,87466,31/10/2024,TRUE
180,25/06/2024,86451,19/01/2025,TRUE
180,21/06/2024,83350,15/01/2025,TRUE
90,09/07/2024,81825,04/11/2024,TRUE
180,19/06/2024,86023,13/01/2025,TRUE
90,04/06/2024,87965,30/09/2024,TRUE
90,10/06/2024,87701,06/10/2024,TRUE
90,04/06/2024,82650,30/09/2024,TRUE
150,11/06/2024,88061,06/12/2024,TRUE
180,10/06/2024,87282,04/01/2025,TRUE
180,21/06/2024,87780,15/01/2025,TRUE
90,11/06/2024,87510,07/10/2024,TRUE
90,05/07/2024,88721,31/10/2024,TRUE
90,09/08/2024,87390,05/12/2024,TRUE
30,26/07/2024,83486,22/09/2024,TRUE
30,24/07/2024,83964,20/09/2024,TRUE
180,09/08/2024,63415,05/03/2025,TRUE
90,10/07/2024,88638,05/11/2024,TRUE
90,26/07/2024,88210,21/11/2024,TRUE
90,25/06/2024,87326,21/10/2024,TRUE
180,25/06/2024,84261,19/01/2025,TRUE
90,02/07/2024,75788,28/10/2024,TRUE
180,21/06/2024,87660,15/01/2025,TRUE
90,19/07/2024,88350,14/11/2024,TRUE
90,23/07/2024,88219,18/11/2024,TRUE
90,05/08/2024,82970,01/12/2024,TRUE
180,19/06/2024,85890,13/01/2025,TRUE
90,05/08/2024,88397,01/12/2024,TRUE
90,09/08/2024,80516,05/12/2024,TRUE
180,10/06/2024,83373,04/01/2025,TRUE
180,09/08/2024,82993,05/03/2025,TRUE
90,06/08/2024,81210,02/12/2024,TRUE
90,12/08/2024,88813,08/12/2024,TRUE
90,29/07/2024,88805,24/11/2024,TRUE
180,24/06/2024,83980,18/01/2025,TRUE
90,02/07/2024,82147,28/10/2024,TRUE
30,15/07/2024,80070,11/09/2024,TRUE
90,24/06/2024,80447,20/10/2024,TRUE
90,09/07/2024,86705,04/11/2024,TRUE
90,15/07/2024,88804,10/11/2024,TRUE
180,09/06/2024,81865,03/01/2025,TRUE
90,02/07/2024,85771,28/10/2024,TRUE
90,16/07/2024,78261,11/11/2024,TRUE
90,08/07/2024,85377,03/11/2024,TRUE
90,12/07/2024,85010,07/11/2024,TRUE
180,24/06/2024,68388,18/01/2025,TRUE
180,10/08/2024,88184,06/03/2025,TRUE
30,07/08/2024,82733,04/10/2024,TRUE
30,07/08/2024,81514,04/10/2024,TRUE
180,24/06/2024,87162,18/01/2025,TRUE
90,09/07/2024,87407,04/11/2024,TRUE
180,09/08/2024,082339B,05/03/2025,TRUE
90,25/06/2024,88053,21/10/2024,TRUE
90,16/07/2024,82880,11/11/2024,TRUE
180,09/08/2024,84183,05/03/2025,TRUE
90,26/06/2024,63727,22/10/2024,TRUE
180,14/06/2024,81318,08/01/2025,TRUE
90,05/07/2024,88280,31/10/2024,TRUE
90,09/07/2024,86097,04/11/2024,TRUE
90,09/07/2024,88720,04/11/2024,TRUE
90,01/07/2024,76529,27/10/2024,TRUE
90,28/06/2024,85073,24/10/2024,TRUE
180,04/06/2024,82537,29/12/2024,TRUE
180,21/06/2024,87289,15/01/2025,TRUE
180,14/06/2024,71991,08/01/2025,TRUE
90,16/07/2024,78050,11/11/2024,TRUE
90,05/08/2024,87051,01/12/2024,TRUE
30,05/08/2024,81887,02/10/2024,TRUE
90,01/07/2024,88678,27/10/2024,TRUE
30,02/07/2024,81610,29/08/2024,TRUE
90,23/07/2024,0082611B,18/11/2024,TRUE
180,03/06/2024,87417,28/12/2024,TRUE
180,26/06/2024,84081,20/01/2025,TRUE
180,17/06/2024,81011,11/01/2025,TRUE
30,11/06/2024,66831,08/08/2024,FALSE
90,08/07/2024,87348,03/11/2024,TRUE
30,03/07/2024,63699,30/08/2024,TRUE
90,11/11/2022,86036,09/03/2023,FALSE
180,25/06/2024,86453,19/01/2025,TRUE
90,05/06/2023,85106,01/10/2023,FALSE
180,12/08/2024,87049,08/03/2025,TRUE
90,31/07/2024,88470,26/11/2024,TRUE
180,25/06/2024,47411,19/01/2025,TRUE
90,09/07/2024,82133,04/11/2024,TRUE
30,08/07/2024,87129,04/09/2024,TRUE
90,11/06/2021,87483,07/10/2021,FALSE
180,09/08/2024,84831,05/03/2025,TRUE
180,21/06/2024,87520,15/01/2025,TRUE
90,21/06/2024,88764,17/10/2024,TRUE
180,11/06/2024,83408,05/01/2025,TRUE
30,09/08/2024,87458,06/10/2024,TRUE
180,11/06/2024,87497,05/01/2025,TRUE
180,11/06/2024,84783,05/01/2025,TRUE
180,11/06/2024,60699,05/01/2025,TRUE
90,12/07/2024,84136,07/11/2024,TRUE
30,23/07/2024,83091,19/09/2024,TRUE
90,12/07/2024,81261,07/11/2024,TRUE
90,02/07/2024,73595,28/10/2024,TRUE
180,21/06/2024,86443,15/01/2025,TRUE
30,09/08/2024,88820,06/10/2024,TRUE
180,13/06/2024,78413,07/01/2025,TRUE
90,28/06/2024,88796,24/10/2024,TRUE
180,03/06/2024,88022,28/12/2024,TRUE
90,21/06/2024,81361,17/10/2024,TRUE
180,25/06/2024,68582,19/01/2025,TRUE
180,22/04/2024,65842,16/11/2024,TRUE
90,26/07/2024,73874,21/11/2024,TRUE
180,10/08/2024,86804,06/03/2025,TRUE
30,29/07/2024,86179,25/09/2024,TRUE
180,24/06/2024,67344,18/01/2025,TRUE
90,12/08/2024,77537,08/12/2024,TRUE
90,09/08/2024,85442,05/12/2024,TRUE
90,31/07/2024,88761,26/11/2024,TRUE
180,14/06/2024,86686,08/01/2025,TRUE
90,01/07/2024,84293,27/10/2024,TRUE
180,12/08/2024,87669,08/03/2025,TRUE
180,26/06/2024,86400,20/01/2025,TRUE
15,17/01/2023,65818,01/03/2023,FALSE
180,26/06/2024,84636,20/01/2025,TRUE
90,02/07/2024,78559,28/10/2024,TRUE
90,16/07/2024,84055,11/11/2024,TRUE
90,08/07/2024,76935,03/11/2024,TRUE
90,09/08/2024,87262,05/12/2024,TRUE
180,09/08/2024,85129,05/03/2025,TRUE
180,06/02/2024,66142,01/09/2024,TRUE
180,07/06/2024,88388,01/01/2025,TRUE
90,10/06/2024,86755,06/10/2024,TRUE
90,29/07/2024,88766,24/11/2024,TRUE
90,27/05/2024,85591,22/09/2024,TRUE
180,14/06/2024,88686,08/01/2025,TRUE
90,26/06/2024,59445,22/10/2024,TRUE
90,31/07/2024,87690,26/11/2024,TRUE
180,11/06/2024,87210,05/01/2025,TRUE
90,23/07/2024,69062,18/11/2024,TRUE
90,05/08/2024,77853,01/12/2024,TRUE
90,06/08/2024,84486,02/12/2024,TRUE
180,04/06/2024,82507,29/12/2024,TRUE
90,28/06/2024,80539,24/10/2024,TRUE
180,09/08/2024,73573,05/03/2025,TRUE
90,01/07/2024,81377,27/10/2024,TRUE
90,22/07/2024,84228,17/11/2024,TRUE
180,09/08/2024,87514,05/03/2025,TRUE
90,01/07/2024,87609,27/10/2024,TRUE
90,05/08/2024,83041,01/12/2024,TRUE
180,09/08/2024,68323,05/03/2025,TRUE
90,08/07/2024,87153,03/11/2024,TRUE
90,02/07/2024,82798,28/10/2024,TRUE
90,23/07/2024,83179,18/11/2024,TRUE
30,06/08/2024,087602B,03/10/2024,TRUE
90,06/08/2024,84258,02/12/2024,TRUE
90,16/07/2024,77521,11/11/2024,TRUE
56,17/09/2020,83916,10/12/2020,FALSE
90,23/07/2024,88528,18/11/2024,TRUE
90,08/07/2024,77889,03/11/2024,TRUE
30,14/08/2024,87648,11/10/2024,TRUE
90,04/05/2024,80836,30/08/2024,TRUE
90,05/07/2024,86645,31/10/2024,TRUE
90,12/07/2024,88792,07/11/2024,TRUE
90,16/07/2024,66555,11/11/2024,TRUE
180,09/08/2024,83028,05/03/2025,TRUE
180,17/06/2024,73161,11/01/2025,TRUE
180,10/08/2024,78250,06/03/2025,TRUE
90,17/07/2024,88169,12/11/2024,TRUE
30,05/07/2024,80067,01/09/2024,TRUE
30,19/07/2024,85724,15/09/2024,TRUE
90,08/07/2024,68282,03/11/2024,TRUE
90,15/07/2024,86974,10/11/2024,TRUE
120,17/09/2020,84429,12/02/2021,FALSE
180,09/08/2024,81085,05/03/2025,TRUE
90,09/07/2024,80661,04/11/2024,TRUE
90,08/07/2024,88211,03/11/2024,TRUE
180,09/08/2024,87172,05/03/2025,TRUE
90,08/07/2024,77851,03/11/2024,TRUE
90,05/07/2024,88620,31/10/2024,TRUE
90,10/08/2024,87571,06/12/2024,TRUE
90,08/07/2024,87058,03/11/2024,TRUE
180,21/06/2024,85331,15/01/2025,TRUE
180,10/08/2024,62676,06/03/2025,TRUE
90,26/07/2023,84291,21/11/2023,FALSE
30,12/07/2024,87303,08/09/2024,TRUE
30,12/07/2024,85462,08/09/2024,TRUE
90,26/07/2024,85283,21/11/2024,TRUE
90,16/07/2024,62171,11/11/2024,TRUE
30,15/07/2024,84428,11/09/2024,TRUE
30,19/07/2024,84098,15/09/2024,TRUE
90,12/08/2024,87662,08/12/2024,TRUE
180,09/08/2024,88737,05/03/2025,TRUE
90,10/07/2024,88474,05/11/2024,TRUE
90,09/07/2024,82505,04/11/2024,TRUE
90,08/07/2024,85458,03/11/2024,TRUE
180,09/08/2024,87358,05/03/2025,TRUE
90,05/07/2024,86973,31/10/2024,TRUE
90,31/07/2024,88794,26/11/2024,TRUE
90,22/07/2024,84399,17/11/2024,TRUE
30,07/08/2024,78501,04/10/2024,TRUE
180,27/05/2024,84904,21/12/2024,TRUE
90,23/07/2024,87277,18/11/2024,TRUE
90,10/08/2024,65549,06/12/2024,TRUE
30,27/02/2024,88760,25/04/2024,FALSE
90,23/07/2024,88265,18/11/2024,TRUE
90,22/07/2024,81513,17/11/2024,TRUE
30,08/07/2024,78630,04/09/2024,TRUE
180,14/04/2024,78681,08/11/2024,TRUE
90,19/07/2024,88275,14/11/2024,TRUE
90,16/07/2024,87937,11/11/2024,TRUE
90,19/07/2024,88400,14/11/2024,TRUE
90,23/07/2024,80375,18/11/2024,TRUE
90,15/07/2024,84554,10/11/2024,TRUE
90,19/07/2024,88617,14/11/2024,TRUE
90,09/08/2024,81607,05/12/2024,TRUE
90,09/07/2024,84886,04/11/2024,TRUE
90,05/08/2024,88698,01/12/2024,TRUE
90,09/07/2024,85870,04/11/2024,TRUE
180,09/08/2024,80444,05/03/2025,TRUE
30,05/08/2024,85332,02/10/2024,TRUE
90,17/06/2024,87029,13/10/2024,TRUE
180,09/08/2024,85232,05/03/2025,TRUE
30,09/08/2024,82231,06/10/2024,TRUE
30,07/08/2024,64122,04/10/2024,TRUE
30,10/07/2024,85757,06/09/2024,TRUE
120,09/07/2024,77275,04/12/2024,TRUE
90,05/07/2024,83229,31/10/2024,TRUE
180,09/08/2024,85408,05/03/2025,TRUE
30,29/07/2024,86195,25/09/2024,TRUE
180,09/08/2024,83292,05/03/2025,TRUE
90,23/07/2024,81802,18/11/2024,TRUE
90,09/07/2024,83467,04/11/2024,TRUE
90,16/07/2024,82588,11/11/2024,TRUE
90,24/07/2024,84867,19/11/2024,TRUE
180,09/08/2024,86925,05/03/2025,TRUE
30,30/07/2024,71110,26/09/2024,TRUE
90,09/07/2024,73873,04/11/2024,TRUE
180,09/08/2024,86625,05/03/2025,TRUE
90,09/07/2024,86488,04/11/2024,TRUE
30,06/08/2024,75419,03/10/2024,TRUE
30,31/07/2024,56621,27/09/2024,TRUE
30,13/08/2024,88827,10/10/2024,TRUE
180,09/08/2024,84127,05/03/2025,TRUE
90,15/07/2024,88478,10/11/2024,TRUE
30,29/07/2024,81728,25/09/2024,TRUE
90,31/07/2024,87797,26/11/2024,TRUE
90,24/07/2024,84853,19/11/2024,TRUE
90,22/07/2024,87742,17/11/2024,TRUE
90,09/08/2024,78650,05/12/2024,TRUE
90,31/07/2024,86187,26/11/2024,TRUE
90,19/07/2024,88567,14/11/2024,TRUE
180,13/08/2024,78913,09/03/2025,TRUE
180,31/03/2022,86376,25/10/2022,FALSE
180,03/06/2024,63400,28/12/2024,TRUE
90,12/07/2024,72576,07/11/2024,TRUE
90,23/07/2024,65124,18/11/2024,TRUE
30,16/07/2024,88165,12/09/2024,TRUE
180,09/08/2024,82760,05/03/2025,TRUE
180,09/08/2024,80778,05/03/2025,TRUE
90,15/07/2024,85386,10/11/2024,TRUE
180,09/08/2024,83814,05/03/2025,TRUE
90,29/07/2024,84829,24/11/2024,TRUE
180,09/08/2024,85686,05/03/2025,TRUE
90,15/07/2024,88781,10/11/2024,TRUE
120,17/07/2024,82137,12/12/2024,TRUE
90,09/08/2024,77856,05/12/2024,TRUE
90,05/08/2024,65969,01/12/2024,TRUE
30,30/07/2024,85669,26/09/2024,TRUE
90,29/07/2024,86420,24/11/2024,TRUE
90,30/07/2024,88729,25/11/2024,TRUE
180,09/08/2024,80071,05/03/2025,TRUE
90,15/07/2024,86609,10/11/2024,TRUE
180,09/08/2024,0082411B,05/03/2025,TRUE
90,16/07/2024,78073,11/11/2024,TRUE
180,09/08/2024,83387,05/03/2025,TRUE
180,09/08/2024,88326,05/03/2025,TRUE
90,22/07/2024,85571,17/11/2024,TRUE
30,06/08/2024,86457,03/10/2024,TRUE
180,09/08/2024,88267,05/03/2025,TRUE
90,09/08/2024,87239,05/12/2024,TRUE
180,24/06/2024,81709,18/01/2025,TRUE
180,09/08/2024,84432,05/03/2025,TRUE
30,31/07/2024,86993,27/09/2024,TRUE
90,15/07/2024,88070,10/11/2024,TRUE
90,22/07/2024,88561,17/11/2024,TRUE
90,12/07/2024,87259,07/11/2024,TRUE
90,15/07/2024,80979,10/11/2024,TRUE
180,09/08/2024,83927,05/03/2025,TRUE
90,22/07/2024,86477,17/11/2024,TRUE
30,15/07/2024,88816,11/09/2024,TRUE
30,07/08/2024,87748,04/10/2024,TRUE
180,09/08/2024,85742,05/03/2025,TRUE
180,14/08/2024,87337,10/03/2025,TRUE
90,17/07/2024,0082996B,12/11/2024,TRUE
180,09/08/2024,85876,05/03/2025,TRUE
90,16/07/2024,88700,11/11/2024,TRUE
30,14/08/2024,86763,11/10/2024,TRUE
180,09/08/2024,87064,05/03/2025,TRUE
90,17/07/2024,87762,12/11/2024,TRUE
90,16/07/2024,71557,11/11/2024,TRUE
30,23/07/2024,85251,19/09/2024,TRUE
90,19/07/2024,87077,14/11/2024,TRUE
90,12/07/2024,81932,07/11/2024,TRUE
180,10/08/2024,83513,06/03/2025,TRUE
180,09/08/2024,87655,05/03/2025,TRUE
90,23/07/2024,88133,18/11/2024,TRUE
180,09/08/2024,082686B,05/03/2025,TRUE
180,09/08/2024,80753,05/03/2025,TRUE
90,12/07/2024,87298,07/11/2024,TRUE
90,10/08/2024,63491,06/12/2024,TRUE
90,12/07/2024,88522,07/11/2024,TRUE
90,12/08/2024,86039,08/12/2024,TRUE
90,15/07/2024,81429,10/11/2024,TRUE
90,22/07/2024,81908,17/11/2024,TRUE
90,30/07/2024,87125,25/11/2024,TRUE
180,10/08/2024,64914,06/03/2025,TRUE
180,10/08/2024,88500,06/03/2025,TRUE
90,19/07/2024,84408,14/11/2024,TRUE
30,12/08/2024,80675,09/10/2024,TRUE
90,23/07/2024,82038,18/11/2024,TRUE
180,05/04/2024,75716,30/10/2024,TRUE
90,07/08/2024,78418,03/12/2024,TRUE
180,09/08/2024,88732,05/03/2025,TRUE
30,22/07/2024,87192,18/09/2024,TRUE
30,09/08/2024,87477,06/10/2024,TRUE
90,24/01/2024,082741B,21/05/2024,FALSE
90,13/08/2024,87769,09/12/2024,TRUE
30,15/07/2024,83104,11/09/2024,TRUE
180,09/08/2024,85360,05/03/2025,TRUE
90,12/07/2024,88628,07/11/2024,TRUE
30,05/02/2021,67411,04/04/2021,FALSE
30,06/08/2024,88822,03/10/2024,TRUE
90,29/07/2024,87813,24/11/2024,TRUE
90,31/07/2024,82964,26/11/2024,TRUE
30,09/08/2024,88818,06/10/2024,TRUE
90,23/07/2024,78101,18/11/2024,TRUE
90,15/07/2024,88287,10/11/2024,TRUE
90,15/07/2024,81337,10/11/2024,TRUE
90,15/07/2024,84610,10/11/2024,TRUE
180,09/08/2024,80036,05/03/2025,TRUE
90,15/07/2024,87227,10/11/2024,TRUE
90,16/07/2024,81355,11/11/2024,TRUE
180,09/08/2024,69395,05/03/2025,TRUE
180,09/08/2024,86719,05/03/2025,TRUE
90,19/07/2024,86545,14/11/2024,TRUE
180,09/08/2024,80277,05/03/2025,TRUE
30,05/08/2024,87489,02/10/2024,TRUE
180,09/08/2024,87346,05/03/2025,TRUE
90,23/07/2024,85539,18/11/2024,TRUE
90,05/08/2024,87852,01/12/2024,TRUE
90,12/04/2022,87735,08/08/2022,FALSE
90,13/08/2024,88677,09/12/2024,TRUE
90,19/07/2024,82689,14/11/2024,TRUE
180,27/05/2024,78852,21/12/2024,TRUE
90,09/08/2024,63658,05/12/2024,TRUE
180,10/08/2024,77819,06/03/2025,TRUE
90,29/07/2024,86279,24/11/2024,TRUE
90,30/07/2024,83067,25/11/2024,TRUE
90,11/06/2024,81845,07/10/2024,TRUE
90,19/07/2024,87445,14/11/2024,TRUE
90,12/07/2024,84549,07/11/2024,TRUE
28,08/06/2022,88495,03/08/2022,FALSE
90,16/07/2024,87423,11/11/2024,TRUE
90,15/07/2024,87621,10/11/2024,TRUE
30,14/08/2024,88266,11/10/2024,TRUE
90,26/07/2024,86143,21/11/2024,TRUE
90,22/07/2024,80682,17/11/2024,TRUE
90,05/08/2024,83348,01/12/2024,TRUE
90,15/07/2024,65132,10/11/2024,TRUE
90,09/08/2024,71174,05/12/2024,TRUE
180,10/08/2024,87400,06/03/2025,TRUE
180,09/08/2024,83775,05/03/2025,TRUE
180,10/08/2024,84979,06/03/2025,TRUE
90,10/06/2024,84128,06/10/2024,TRUE
180,09/08/2024,87142,05/03/2025,TRUE
180,09/08/2024,81856,05/03/2025,TRUE
180,14/06/2022,78972,08/01/2023,FALSE
180,09/08/2024,87951,05/03/2025,TRUE
180,09/08/2024,88733,05/03/2025,TRUE
30,12/08/2024,88410,09/10/2024,TRUE
180,09/08/2024,86053,05/03/2025,TRUE
180,28/05/2024,65278,22/12/2024,TRUE
180,2024-07-19,0052513
180,2024-08-02,023418B
180,2024-07-31,0019513
90,2024-07-26,0022923
90,2024-08-27,0015801
180,2024-07-20,0020670
180,2024-08-15,0016738
90,2024-07-19,0023887
90,2024-07-25,0018572
180,2024-07-16,0050585
90,2024-07-26,0022707
180,2024-07-30,0054644
180,2024-07-17,025355
180,2024-03-19,0022881
180,2024-08-15,0020238
180,2024-08-15,0076806
180,2024-08-09,0021384
180,2024-04-17,0132027
180,2024-08-10,0016653
180,2024-07-12,0019816
180,2024-07-24,0048604
180,2024-07-12,0021198
90,2024-07-26,0019063
180,2024-08-10,0016536
180,2024-08-10,0022562
90,2024-07-23,0018347
180,2024-08-15,0024398
90,2024-08-19,025522
90,2024-07-02,0018408
180,2024-07-12,0023727
180,2024-08-10,0014130
180,2024-08-10,0023265
180,2024-07-10,0019012
90,2024-07-15,025487B
180,2024-08-16,0050893
180,2024-07-12,0024838
180,2024-07-22,0015526
180,2024-08-12,0018640
180,2024-07-19,0015300
90,2024-08-26,0025531
180,2024-07-31,0023400
180,2024-04-17,0132028
180,2024-08-02,0017779
180,2024-07-12,023098B
180,2024-07-20,0021228
180,2024-08-13,0015951
180,2024-08-02,025369B
180,2023-07-14,0022620
180,2024-07-31,024524
180,2024-08-23,0020818
180,2024-08-02,0068251
180,2024-07-31,0025306
180,2024-08-10,0020762
180,2024-03-01,0019692
180,2024-07-12,0018697
180,2024-08-15,0018677
180,2024-07-30,023097B
90,2024-07-25,00019225
90,2024-07-30,0023811
180,2024-07-12,0024024
180,2024-05-02,0020250
180,2024-08-13,0018994
180,2024-08-09,0022580
180,2024-07-19,0020696
90,2024-07-26,0014348
180,2024-07-30,0017525
180,2024-07-22,0112308
180,2024-08-10,0018739
180,2024-03-07,0017119
90,2024-07-12,0020932
90,2024-08-21,0025524
180,2024-08-15,0081961
180,2024-07-19,0023072
180,2024-07-25,0025120
90,2024-08-12,0025510
180,2024-08-10,0020929
180,2024-08-02,0053758
180,2024-07-22,025428
180,2024-08-30,0021594
180,2024-08-14,0019176
180,2024-08-06,0022785
180,2024-08-16,0111568
180,2024-08-07,0019826
180,2024-08-15,0020254
180,2024-08-16,0019794
180,2024-08-02,0025186
180,2024-03-05,0016973
180,2024-09-03,0017178
180,2024-07-02,0021953
90,2024-07-23,0023074
180,2024-07-30,0015549
180,2024-06-15,0021218
180,2024-08-07,0020685
180,2024-08-10,0015289
180,2024-08-15,0077345
180,2024-08-10,0022979
180,2024-08-15,0051660
180,2024-08-16,0080335
90,2024-07-26,0019228
180,2024-07-23,0091645
90,2024-07-26,0021072
180,2024-07-30,0014742
180,2024-08-10,0020059
90,2024-07-30,025519
90,2024-07-16,025492
180,2024-08-23,0021395
180,2024-07-31,0017346
90,2024-07-23,0022395
180,2024-07-16,0024681
180,2024-08-06,0023987
180,2024-07-19,0014047
180,2024-08-15,0020693
180,2024-04-12,0019041
180,2024-08-06,0018960
180,2024-08-19,0025104
180,2024-08-16,0072262
180,2024-08-10,0021756
180,2024-07-18,025251B
90,2024-08-12,025512B
180,2024-07-19,0015125
90,2024-07-23,0023045
90,2024-08-13,0024807
180,2024-08-10,0022542
180,2024-03-12,0024205
180,2024-07-23,0022513
180,2024-08-20,0024470
180,2024-07-31,0017133
180,2024-07-16,0021544
180,2024-07-12,0021783
180,2024-06-28,0019277
180,2024-08-15,0019755
180,2024-08-15,0025056
90,2024-09-03,136966
180,2024-08-23,0022012
180,2024-08-15,0024917
30,2024-06-11,0018756
180,2024-07-22,0021204
180,2024-08-07,0039516
90,2024-07-26,0021015
90,2024-07-16,023200B
90,2024-08-06,025427
180,2024-08-30,0023282
180,2024-07-23,0023993
180,2024-08-30,0017501
180,2024-05-17,0024787
180,2024-07-12,0088610
180,2024-07-03,0017578
180,2024-07-29,025254B
180,2024-07-12,0022994
180,2024-08-09,0016866
180,2024-08-15,0015722
90,2024-08-08,0017369
90,2024-03-19,0014412
180,2024-07-23,0020911
90,2024-08-14,0024675
180,2024-08-09,0014034
180,2024-08-15,0018275
180,2024-08-13,0021323
180,2024-07-30,0022296
180,2024-07-23,0018719
180,2024-07-12,0023905
180,2024-07-22,025263
90,2024-08-30,025534
180,2024-08-23,0132719
180,2024-08-15,0018731
180,2024-07-09,0085780
90,2024-08-13,025517
180,2024-08-31,0024374
180,2024-01-05,025276C
180,2024-07-05,0016218
180,2024-07-24,024025B
180,2024-08-10,0024826
180,2024-07-16,0016248
180,2024-08-15,0019110
180,2024-07-12,0015554
90,2024-02-07,025264B
180,2024-07-17,0036021
90,2024-07-05,0021265
180,2024-07-15,0017396
90,2024-07-26,0022175
180,2024-07-15,0015660
180,2024-07-06,0015255
180,2024-08-10,0021578
180,2024-07-15,0061540
90,2024-07-12,0014905
180,2024-07-17,0025331
180,2024-08-02,0014026
180,2024-07-22,0126344
180,2024-07-15,0021111
180,2024-08-15,0023679
90,2024-07-26,025508
180,2024-08-15,0023555
180,2024-07-22,0018145
180,2024-08-02,0018738
180,2024-07-15,0069861
180,2024-07-26,0021389
180,2024-07-12,0025227
180,2024-04-02,0052585
90,2024-07-12,0021191
180,2024-08-13,0023861
180,2024-07-26,0014310
180,2024-07-30,0023957
180,2024-04-16,0022934
180,2024-08-10,0017567
180,2024-07-23,0017837
180,2024-06-28,0015925
180,2024-08-16,0025021
180,2024-07-30,0024969
90,2024-08-24,0021689
90,2024-03-11,0019576
180,2024-08-10,0058682
180,2024-07-12,0019207
180,2024-08-10,0015846
180,2024-07-16,0020293
90,2024-07-26,0016851
90,2024-07-25,025507B
180,2024-07-16,0038934
180,2024-07-12,0019841
180,2024-08-22,0024792
180,2024-08-15,0024592B
180,2024-08-17,0022611
180,2024-07-16,0021852
180,2024-09-03,0022396
180,2024-08-02,0021870
180,2024-08-09,0072200
180,2024-07-17,0016246
180,2024-08-10,0051646
90,2024-07-30,0020540
180,2024-07-15,0024754
180,2024-08-15,0018724
90,2023-02-28,0023807
180,2024-08-30,0019179
180,2024-08-02,0019625
90,2024-07-26,0018914
180,2024-07-18,0018484
180,2024-04-05,0022818
90,2024-07-30,025513
180,2024-08-15,0016480
90,2024-08-16,025539
180,2024-07-12,0020425
90,2024-07-17,0017798
90,2024-07-18,025497
180,2024-08-10,0023778
180,2024-07-01,0021260
180,2024-08-10,0024090
180,2024-07-30,0023466
90,2024-07-15,025425
180,2024-08-10,0019417
180,2024-08-02,0015146
180,2024-07-30,0022400
180,2024-07-12,0021665
180,2024-08-10,0020150
90,2024-08-27,0025535
180,2024-08-23,0017315
90,2024-07-15,0022838
180,2024-07-19,0020694
180,2024-08-10,0021838
180,2024-08-13,0022690
180,2024-07-13,0020152
180,2024-07-19,0017998
180,2024-08-16,0022481
180,2024-08-22,0045073
180,2024-09-03,0024282
180,2024-08-06,0018651
180,2024-07-19,0022092
90,2024-07-29,025512
180,2024-08-02,0015718
180,2024-07-19,0017664
180,2024-07-16,0017049
90,2024-08-06,0119059
180,2024-07-01,0021755
180,2024-04-20,0025156b
90,2024-07-04,0015066
90,2024-07-26,0019042
180,2024-08-21,0024942
180,2024-07-30,0024163
180,2024-08-21,0023486
180,2024-07-19,0021907
180,2024-08-30,0018040
90,2024-07-23,0021684
180,2024-08-19,0018180
180,2024-08-02,0022630
180,2024-03-19,0081092
180,2024-08-16,0020100
90,2024-04-24,0022971
180,2024-07-30,0019187
180,2024-07-22,025362B
180,2024-08-06,0021277
180,2024-08-06,0022182
180,2024-08-27,023447B
180,2024-07-22,0024853
180,2024-07-30,0024688
180,2024-08-16,0021054
90,2024-07-23,0019835
180,2024-08-10,0020855
90,2024-04-02,0021634
180,2024-08-27,0015871
180,2024-08-10,0021456
180,2024-08-15,0021930
180,2024-07-16,0025301
180,2024-08-23,0023410
180,2024-07-12,0014547
180,2024-06-04,0020118
180,2024-07-30,0021811
90,2024-07-23,0043041
180,2024-07-31,0035240
180,2024-08-15,0025029
180,2024-07-30,0017210
90,2024-07-23,0014701
180,2024-03-15,0022805
180,2024-03-01,0014677
180,2024-07-30,0023283
180,2024-07-16,0023350
180,2024-07-30,0021631
180,2024-08-23,0021131
180,2024-08-10,0023092B
90,2024-07-12,0020407
180,2024-08-10,0014381
180,2024-07-13,0022966
180,2024-08-10,0062900
180,2024-07-16,0025126
180,2024-08-10,0022824
180,2024-08-14,0015225
180,2024-08-15,0018369
90,2024-07-09,0023173
180,2024-08-16,0015685
180,2024-07-30,0014608
180,2024-07-02,0018813
180,2024-07-19,0020517
180,2024-07-20,025351
180,2024-04-29,0059315
180,2024-08-27,0023194
180,2024-07-12,0021433
90,2024-08-19,025523
180,2024-07-19,0020807
180,2024-06-27,0021224
180,2024-07-05,0023879
180,2024-08-19,0022162
180,2024-03-13,0025400
90,2024-07-05,0021266
90,2024-06-11,0024290
180,2024-07-23,0025318
180,2024-07-02,0017190
180,2024-08-30,0018987
180,2024-07-26,0015868
180,2024-08-13,0021906
180,2024-08-10,0023284
90,2024-07-26,0022882
180,2024-07-12,0021424
180,2024-07-02,0025140
90,2024-07-05,0067088
90,2024-08-06,0024621
180,2024-02-14,0023318
180,2024-06-28,0019415
180,2024-08-09,130026
180,2024-07-23,0023618
90,2024-07-26,0022279
180,2024-07-23,0018764
180,2024-07-16,0023114
180,2024-07-17,0022985
90,2024-07-30,0022447
180,2024-07-12,0022822
180,2024-08-10,0022212
180,2024-07-19,0017885
90,2024-08-23,025530
90,2024-07-26,0020566
180,2024-08-17,0023416
90,2024-07-22,025500
180,2024-08-23,0015122
180,2024-08-30,0018547
180,2024-03-12,0014539
180,2024-06-19,0014955
180,2024-08-15,0020557
180,2024-08-10,0024725
180,2024-07-30,0021170
180,2024-08-13,023455B
180,2024-07-20,0018474
180,2024-08-14,025281B
90,2024-07-30,0025289
180,2024-06-22,0018687
180,2024-08-16,019890B
180,2024-08-15,0017669
180,2024-07-02,0016898
180,2024-07-15,0022373
180,2024-08-23,0020879
180,2024-07-20,0023685
90,2024-07-15,025489
180,2024-07-19,0022802
180,2024-08-30,0024415
180,2024-08-15,0019988
90,2024-07-23,0023773
180,2024-08-30,0025080
180,2024-07-18,0021059
180,2024-08-10,0025224
180,2024-07-15,025234
180,2024-07-22,025389B
180,2024-08-12,0023462
180,2024-08-23,0018257
180,2024-07-24,0022494
180,2024-07-22,0017159
180,2024-07-24,0025077
90,2024-07-30,0122181
180,2024-08-10,0021136
180,2024-07-16,0024766
180,2024-08-10,0047108
180,2024-07-29,0023977
180,2024-07-22,0020867
180,2024-08-15,0023600
180,2024-08-15,0017449
180,2024-09-03,0019574
180,2024-08-02,0025250
90,2024-07-26,0021532
90,2024-07-26,0024794
180,2024-03-04,0016045
180,2024-08-10,0025105
180,2024-07-12,0023576
180,2024-07-15,0025006
180,2024-07-12,0019208
90,2024-07-29,0138790
180,2024-08-16,0024429
180,2024-08-15,0018171
90,2024-07-12,0018654
180,2024-08-10,0020501
180,2024-08-23,0042355
180,2024-08-10,0015438
180,2024-07-20,0021691
180,2024-08-23,0018194
90,2024-07-23,0020421
180,2024-08-13,0021380
180,2024-08-09,0022432
180,2024-06-27,0018938
90,2024-07-23,0023617
180,2024-03-26,0024743
180,2024-03-09,0020475
180,2024-07-20,0024693
180,2024-08-10,0014492
180,2024-07-17,0020989
180,2024-03-11,0021957
180,2024-07-23,0020033
180,2024-08-27,0024848
180,2024-07-16,0022522
180,2024-07-30,0023535
180,2024-07-30,0024263
180,2024-08-08,0019921
180,2024-08-06,0021516
180,2024-07-12,0022906
180,2024-03-19,0023626
90,2024-08-15,025518B
180,2024-08-10,0023017
90,2024-08-24,0015411
90,2024-07-23,0018224
90,2024-07-31,138842
180,2024-07-16,0014235
180,2024-02-10,0023040
180,2024-08-06,0021577
180,2024-07-12,0016143
180,2024-07-19,0021557
90,2024-07-26,0025330
180,2024-07-16,0110817
90,2024-07-26,0021530
180,2024-08-15,0019457
90,2024-07-26,0021639
90,2024-07-24,0023806
180,2024-08-23,0021764
180,2024-07-12,0016249
90,2024-07-24,025506
90,2024-07-26,0025349
180,2024-08-10,0022224
180,2024-06-10,0020175
90,2024-07-22,025504
180,2024-07-29,025382
90,2024-07-26,0016715
180,2024-08-23,0023878
180,2024-07-21,0023007
90,2024-07-23,0025018
180,2024-08-10,0021451
180,2024-07-23,0024425
180,2024-08-23,0023867
180,2024-07-26,0020707
180,2024-08-10,0024590
180,2024-08-15,0073680
90,2024-07-16,0024874
180,2024-07-23,0019589
180,2024-08-13,0014233
180,2024-07-30,0022133
180,2024-07-16,0015519
180,2024-08-09,0018580
180,2024-07-29,0024781
180,2024-03-08,0022743
90,2024-07-17,0018109
180,2024-07-16,0024713
180,2024-07-22,0019912
180,2024-07-12,0019807
180,2024-07-19,0019142
180,2024-07-19,0019890
90,2024-07-15,0014314
180,2024-08-14,0014011
180,2024-07-26,0022181
180,2024-07-12,0018830
180,2024-07-31,0014066
90,2024-08-06,0017686
180,2024-04-12,0024514
180,2024-07-12,0017164
180,2024-07-12,0025175
180,2024-08-10,0024822
180,2024-07-12,0018647
180,2024-08-23,0017770
180,2024-08-16,0020972
180,2024-03-08,0023149
180,2024-08-16,0014449
180,2024-08-13,0022831
180,2024-07-12,0021501
90,2024-08-23,025532
180,2024-08-15,0016153
180,2024-07-15,0024998
180,2024-08-30,0021712
90,2024-08-02,0023923
180,2024-07-22,0017259
90,2024-07-26,0018337
180,2024-07-12,0085189
180,2024-07-12,0019350
90,2024-08-19,0018907
180,2024-08-06,0025242
180,2024-07-19,0015301
180,2024-08-02,0023427
180,2024-08-15,0025097
180,2024-08-02,0019157
180,2024-07-13,0023566
90,2024-05-31,0024634
180,2024-07-25,0025137
180,2024-07-12,0024324
180,2024-08-15,0015340
180,2024-08-02,0016950
90,2024-07-20,0014252
180,2024-08-08,0015528
180,2024-07-19,0024353
180,2024-08-16,0023093B
180,2024-07-12,0097669
180,2024-08-12,0018120
180,2024-08-10,0019798
180,2024-08-20,0024321
180,2024-08-22,025368
180,2024-08-15,0016670
180,2024-08-10,0018890
180,2024-08-15,0025317
180,2024-08-15,0016142
180,2024-04-08,0014996
180,2024-07-29,0015233
180,2024-07-30,0022847
180,2024-08-07,0022816
180,2024-07-16,0020830
90,2024-07-29,0020668
180,2024-07-25,0019198
180,2024-07-16,0024840
90,2024-08-24,139659
180,2024-08-23,0014135
180,2024-07-12,0021034
180,2024-08-09,0019397
180,2024-07-30,0022116
180,2024-07-30,0023103B
180,2024-07-30,0025253
180,2024-07-02,0017812
180,2024-08-09,0017695
180,2024-07-16,0024789
180,2024-07-30,0020424
180,2024-08-15,0016088
180,2024-07-22,0024652
180,2024-07-16,0024333
180,2024-07-12,0071994
180,2024-07-30,0021973
90,2024-07-15,025490
180,2024-07-16,0019119
90,2024-06-28,0017712
180,2024-08-16,0016974
90,2024-08-27,025416
180,2024-07-12,0019064
180,2024-08-23,0014219
180,2024-07-29,0021986
180,2024-08-30,0017072
180,2024-07-23,0023983
180,2024-07-22,0019262
180,2024-07-30,0022862
180,2024-08-16,139334
180,2024-08-10,0025066
180,2024-07-30,0016926
180,2024-07-12,0016344
180,2024-08-21,0020652
90,2024-08-13,139276
90,2024-08-30,025525
180,2024-04-02,0021949
180,2024-07-13,0064886
180,2024-07-30,023505B
180,2024-08-13,0086664
180,2024-07-26,0017375
180,2024-07-28,0019167
180,2024-07-16,0023705
180,2024-08-14,0020532
180,2024-08-29,0023496
180,2024-07-30,0024841
180,2024-05-13,0024601B
90,2024-03-05,0014499
90,2024-07-26,025265b
180,2024-03-18,0020578
180,2024-07-19,0020634
90,2024-08-12,0025511
180,2024-07-04,0014212
180,2024-07-29,0024783
90,2024-08-27,139726
180,2024-08-13,0040703
150,2024-07-12,0022699
180,2024-08-23,0018561
180,2024-08-10,0017555
180,2024-07-30,0023036
180,2024-07-12,014674B
180,2024-07-19,0016997
180,2024-08-10,0022878
180,2024-07-23,0023092
180,2024-07-24,0021967
180,2024-07-23,0017986
90,2022-09-17,0022893
180,2024-07-19,0023972
180,2024-07-16,0016953
180,2024-07-16,0022537
90,2024-08-12,0025516
180,2024-08-09,0023651
180,2024-07-25,0015389
180,2023-09-22,0020725
180,2024-08-16,0024072
90,2024-07-15,0061356
180,2024-07-08,0021278
180,2024-07-25,0016767
90,2024-07-24,0016773
180,2024-07-12,0025228
180,2024-08-10,0018401
180,2024-08-16,0023908
180,2024-07-26,0017194
180,2024-08-23,0020140
90,2024-08-27,025533
180,2024-04-19,0019409
180,2024-06-21,0021589
180,2024-08-23,0023691
90,2024-08-02,0019931
90,2024-07-23,0022275
180,2024-08-14,0023625
180,2024-06-09,0021809
180,2024-07-05,0015228
180,2024-07-23,0017350
180,2024-07-25,0022047
180,2024-08-23,0022642
180,2024-07-25,0075901
90,2024-07-19,025440
180,2024-08-23,0018690
180,2024-08-10,0023027
180,2024-08-13,0025189
180,2024-03-05,0046412
180,2024-08-14,023396B
180,2024-04-15,0025198
180,2024-08-12,0086336
180,2024-08-10,0018141
90,2023-06-27,0015210
180,2024-08-30,0021583
180,2024-07-19,0021637
90,2024-08-23,025529
180,2024-08-06,0055122
180,2024-08-10,0018063
180,2024-08-15,0017587
180,2024-08-23,0017032
180,2024-03-15,0072652
180,2024-08-10,0023163
180,2024-08-10,0020852
180,2024-07-26,0016682
180,2024-08-10,0018064
180,2024-07-31,0015605
180,2024-07-15,0024408
180,2024-07-22,025418
180,2024-07-02,0019881
90,2024-07-26,0023139
90,2024-07-31,134136
180,2024-08-02,019350B
180,2024-07-30,0015040
90,2024-02-23,0023916
180,2024-07-30,0018564
180,2024-03-19,0111140
90,2024-08-07,025485
180,2024-08-23,0018235
180,2024-06-24,0015223
180,2024-07-05,0020493
180,2024-08-23,0021590
90,2024-04-24,0022970
180,2024-07-12,0020931
180,2024-07-11,0020489
90,2024-07-29,138658
90,2024-07-23,0025225
180,2024-07-19,0018623
180,2024-08-10,0017912
180,2024-07-19,0021526
180,2024-07-30,0023417
180,2024-08-20,0019197
90,2024-07-26,0014272
180,2024-07-17,0015734
90,2024-08-02,0019634
90,2024-08-22,025527
90,2024-07-19,0040548
180,2024-08-30,0017505
180,2024-05-06,0021908
90,2024-07-23,0014041
180,2024-07-18,0019782
180,2024-07-26,0014800
180,2024-07-30,0024959
180,2024-07-15,0022024
180,2024-07-12,024788B
180,2024-08-24,0021205
180,2024-08-23,0016902
180,2024-08-10,0019934
180,2024-03-14,0023035
180,2024-07-12,0024902
180,2024-08-10,0020474
180,2024-08-20,0015360
180,2024-08-20,0024622
90,2024-05-31,0133093
90,2024-08-20,025519B
180,2024-08-23,0017889
180,2024-08-10,0021270
90,2024-08-08,0019067
180,2024-08-06,0021794
90,2024-08-30,025537
180,2024-07-12,0023577
90,2024-08-02,025373B
180,2024-07-29,0015659
180,2024-07-26,0014385
180,2024-08-07,0024627
180,2024-08-02,0025243
180,2024-08-10,0024580
180,2024-03-05,0017280
180,2024-04-15,025004b
180,2024-07-15,0023503B
180,2024-08-15,0019081
180,2024-07-19,0024232
180,2024-07-12,135477
190,2024-07-02,0017830
90,2024-08-21,025521b
180,2024-07-12,0024923
90,2024-08-07,0015578
180,2024-08-10,0022880
180,2024-08-21,0016756
180,2024-07-30,0024742
180,2024-07-23,0017301
180,2024-07-23,0018849
180,2024-07-19,0024276
180,2024-07-12,0020482B
180,2024-07-18,015913B
90,2024-08-16,025521
90,2023-07-21,0086369
90,2024-08-09,0022065
180,2024-08-19,0022761
180,2024-03-12,0024696
180,2024-08-10,0020749
180,2024-08-29,0023477
90,2024-07-17,0024925
180,2024-07-09,0016473
90,2024-04-12,0023395B
90,2024-08-23,025528
90,2024-07-26,0016444
180,2024-08-22,0023758
180,2024-07-19,0019371
180,2024-03-22,0020099
180,2024-03-09,0018283
90,2024-08-19,0025096
180,2024-03-08,0024838B
180,2024-07-19,0024179
180,2024-07-18,0016432
180,2024-06-29,0023752
180,2024-08-10,025229
180,2024-08-10,0021326
90,2024-07-25,0024419
180,2024-08-13,0015719
90,2024-07-18,025496B
90,2024-07-22,025503
180,2024-07-29,0024208
180,2024-07-30,0025011
180,2024-08-21,0022567
90,2024-07-26,0024017
90,2024-09-03,025538
180,2024-07-20,0019880
180,2024-06-04,0019889
180,2024-07-16,0017874
180,2024-07-23,0019894
180,2024-08-23,0019737
180,2024-08-10,0014865
180,2024-07-18,0131115
90,2024-07-23,0015466
90,2023-12-14,0130860
90,2024-07-19,0019955
90,2024-08-23,139635
180,2024-07-18,0024890
180,2024-08-10,0024759
180,2024-03-12,0015974
180,2024-07-12,0021437
180,2024-07-16,0018006
180,2024-07-16,0019626
180,2024-07-04,0018606
180,2024-08-10,0024911
180,2024-07-18,0060094
180,2024-08-16,0024489
180,2024-08-30,0023944
180,2024-08-10,0023395
180,2024-04-05,0025348
180,2024-08-10,0016531
180,2024-07-26,0024997
180,2024-07-23,0025293
90,2024-07-22,025502
180,2024-08-23,0017113
180,2024-08-23,0023312
180,2024-07-17,0043881
90,2024-07-23,0021626
180,2024-07-30,0023739
180,2024-03-02,0017263
90,2024-07-23,024324b
180,2024-08-10,0020246
180,2024-07-12,0023573
180,2024-07-12,0014075
180,2024-08-09,0017360
180,2024-08-15,0133092
180,2024-09-03,0018494
180,2024-08-09,0015033
90,2024-07-23,0020673
180,2024-07-25,0017566
90,2024-07-26,0019332
180,2024-07-19,0015325
180,2024-08-09,0022095
180,2024-07-16,0055934
90,2024-03-19,025286
180,2024-07-12,0022757
180,2024-07-01,0025255B
90,2024-07-23,0019813
180,2024-03-15,025333B
180,2024-07-26,0052132
180,2024-03-11,0022922
180,2024-07-30,0020698
180,2024-08-23,0022505
180,2024-07-23,0025282
180,2024-08-10,0018990
180,2024-08-23,0022666
180,2024-08-23,0019560
180,2024-08-29,0015696
180,2024-07-30,0023735
90,2024-08-23,0017913
90,2024-08-09,0024488
180,2024-07-05,0020553
180,2024-07-12,0023805
180,2024-08-06,0021567
180,2024-08-10,0019788
90,2024-07-23,0020516
180,2024-07-06,0019590
180,2024-07-16,0016804
90,2024-07-26,0020845
180,2024-06-26,0017714
180,2024-03-07,0019314
180,2024-07-12,0018475
90,2024-07-26,0022420
180,2024-07-23,0016923
180,2024-07-16,0025323
180,2024-07-30,0014474
180,2024-08-23,0019170
180,2024-07-19,0015385
180,2024-08-02,0023663
180,2024-08-10,0018844
180,2024-07-16,0017836
180,2024-07-02,0020894
180,2024-07-25,0017352
180,2024-08-10,0022817
180,2024-07-19,0018082
90,2024-08-27,0025532
90,2024-07-26,0020581
180,2024-08-13,0021892
90,2024-08-12,139209
180,2024-07-25,0017231
90,2024-07-23,0023394B
180,2024-07-30,0017656
180,2024-08-10,0023087B
180,2024-08-10,0025223
180,2024-08-06,0025319
180,2024-08-10,0019789
180,2024-07-19,0023826
180,2024-07-15,0021692
180,2024-07-01,0024562
180,2024-07-19,0019093
180,2024-08-26,0015527
180,2024-07-15,0017232
180,2024-07-13,082182B
180,2024-07-26,0022333
180,2024-08-27,0020460
180,2024-03-08,0023262
180,2024-07-23,0017499
180,2024-07-26,0015805
180,2024-07-19,0018876
180,2024-08-02,0023293
90,2024-07-26,0014827
180,2024-07-12,0014105
180,2024-07-15,0015100
180,2024-08-12,0017665
180,2024-08-15,0024255
180,2024-09-03,0023563
180,2024-08-13,0016276
180,2024-08-02,0015599
180,2024-07-22,0025142
180,2024-04-02,0020502
180,2024-08-27,0019993
180,2024-07-08,0015352
90,2024-07-26,0019146
90,2024-07-23,0018394
90,2024-08-23,025531
180,2024-08-08,0021487
180,2024-08-30,0024875
180,2024-07-16,0016776
180,2024-07-30,0023785
180,2024-07-19,0020851
180,2024-08-10,0019379
180,2024-07-12,0020861
180,2024-07-19,0023137
180,2024-08-12,0021714
90,2024-07-18,025496
90,2024-07-22,0018893
180,2024-07-09,0025027
180,2024-06-25,0017894
180,2024-05-02,0017437
180,2024-07-16,0024086
90,2024-03-05,0017459
180,2024-08-10,0021885
180,2024-08-10,0021322
90,2024-08-02,0020860
180,2024-08-13,0018540
180,2024-02-29,0024214
180,2024-07-19,0052224
90,2024-07-26,0018035
180,2024-08-10,0022316
180,2024-08-09,0016319
180,2024-07-25,0020126
180,2024-07-23,0025164
180,2024-04-30,0025203
180,2024-07-12,0120578
180,2024-08-02,0019670
180,2024-03-05,0130025
90,2024-07-23,0018423
180,2024-06-25,0020740
180,2024-07-26,0020291
180,2024-08-13,0020333
180,2024-07-19,0015401
180,2024-08-29,0019650
180,2024-07-12,0021531
180,2024-08-26,0025180
180,2024-08-26,0024775
180,2024-07-22,0019957
180,2024-07-16,0023732
90,2024-07-23,0024827
180,2024-08-07,0015587
180,2024-08-10,0014888
180,2024-08-23,0023800
180,2024-04-02,0018972
180,2024-08-29,0024594  
180,2024-08-10,0014222
180,2024-07-24,0017694
180,2024-07-25,0023423
180,2024-06-24,0025322
180,2024-08-24,019129B
180,2024-07-30,0024866
90,2024-05-30,0025384
180,2024-08-10,0077048
180,2024-07-13,0036718
180,2024-07-19,0022936
180,2024-07-18,0020968
180,2024-07-31,0023235
180,2024-07-19,0019033
180,2024-03-26,0015592
90,2024-07-26,0019357
180,2024-07-05,0018128
180,2024-08-10,0017005
180,2024-03-11,0019148
180,2024-07-16,0016420
180,2024-07-16,0015653
180,2024-08-10,0022713
180,2024-08-10,0018543
180,2024-07-30,025435
180,2024-07-18,0024774
180,2024-07-16,0020363
90,2024-07-26,0014912
180,2024-03-08,0021560
180,2024-08-23,0021074
180,2024-07-12,0021418
180,2024-04-15,0017324
90,2024-07-26,0021895
90,2024-08-22,139436
180,2024-07-19,0017204
180,2024-08-10,0018452
180,2024-08-16,0018465
90,2024-07-24,025507
180,2024-08-09,0046496
90,2024-07-16,0020518
180,2024-07-30,0018966
180,2024-08-15,0022252
180,2024-07-29,0024772
90,2024-08-01,0017201
180,2024-07-24,0020880
180,2024-09-03,0014941
180,2024-08-09,0023865
180,2024-07-15,0017165
180,2024-07-19,0016557
180,2024-08-10,0022235
180,2024-07-19,0020769
180,2024-07-19,0023067
180,2024-07-26,0021185
180,2024-04-20,0025166
180,2024-08-17,0025040
180,2024-07-16,0023078
180,2024-04-02,0016001
180,2024-07-19,0023780
90,2024-07-24,0021758
90,2024-07-22,025505
180,2024-07-04,0014173
180,2024-07-12,025441
180,2024-07-05,0014188
180,2024-07-02,0018098
180,2024-07-22,0016434
180,2024-08-02,0024683
180,2024-07-30,0024571
180,2024-07-12,0016817
90,2024-07-23,0021176
180,2024-08-10,0088380
180,2024-07-12,0024770B
90,2024-02-22,024234B
180,2024-07-24,0017176
180,2024-07-16,0014191
180,2024-04-18,0015410
180,2024-08-13,0018901
180,2024-08-10,0016442
180,2024-09-03,0015743
90,2024-07-19,025494
180,2024-07-12,0079558
180,2024-07-19,0020190
90,2024-07-30,025518
180,2024-07-16,0024155
180,2024-08-13,0023199
180,2024-08-16,0024371
180,2024-03-11,0021648
30,2024-06-14,0024733
180,2024-07-22,0024845
180,2024-06-26,0128434
180,2024-07-16,0013084
180,2024-04-16,0025111
90,2024-07-23,0016632
90,2024-07-23,0023948
180,2024-08-10,0019948
180,2024-07-25,0025439
180,2024-08-06,0020220
180,2024-08-10,017144B
90,2024-07-26,0018652
180,2024-07-23,0017641
90,2024-07-12,0023938
180,2024-07-24,0021983
90,2024-07-25,0023056
90,2024-07-29,0022221
180,2024-04-16,0083300
90,2024-07-26,0016413
180,2024-05-24,0064458
180,2024-07-30,0017748
180,2024-07-26,0020169
90,2024-07-26,024726B
180,2024-07-15,0019559
180,2024-08-30,0015875
90,2024-07-11,025488
90,2024-08-30,0023733
180,2024-08-02,0018211
180,2024-07-12,0018678
90,2024-07-17,138336
180,2024-07-18,025259B
180,2024-08-20,0016811
180,2024-07-19,0016935
90,2024-06-24,0015327
180,2024-08-10,0017880
180,2024-07-20,0024381
180,2024-08-10,0021584
180,2024-08-27,0017950
180,2024-05-30,023506B
90,2024-03-08,0022581
180,2024-06-19,0019541
180,2024-09-03,0025362
180,2024-07-18,0022703
180,2024-07-25,0025154
180,2024-08-10,0018034
180,2024-07-16,0025230
180,2024-07-23,023109B
180,2024-08-14,0019756
180,2024-07-19,0017128
180,2024-07-29,0025121
90,2024-07-26,0015380
180,2024-07-19,0016957
180,2024-07-19,0051949
90,2024-07-29,025509
180,2024-07-19,0021916
180,2024-08-09,0019860
180,2024-08-23,0019607
180,2024-07-02,0018501
180,2024-07-25,0015639
180,2024-04-04,0025356
180,2024-08-13,0021969
90,2024-07-23,0023109
90,2024-07-23,023880C
90,2023-12-29,0023742
180,2024-07-30,0022974
180,2024-07-30,0019979
180,2024-07-18,0024507
180,2024-04-02,0020192
180,2024-08-16,0018973
180,2024-07-18,0023631
180,2024-08-02,0017283
180,2024-09-02,0024220
180,2024-08-19,0023831
180,2024-08-09,0015403
180,2024-08-09,0017470
180,2024-07-19,0020876
90,2024-08-27,0018378
180,2024-07-19,0024553
180,2024-07-15,0021489
180,2024-03-12,0020747
180,2024-07-30,0023599
180,2024-08-08,0019291
180,2024-08-07,0023564
90,2024-07-26,0016338
180,2024-07-30,0023790
180,2024-04-08,0018246
180,2024-04-03,0021760
90,2024-08-21,025520B
90,2024-09-02,0025526
180,2024-07-22,025232B
180,2024-08-12,0021020
180,2024-03-05,0024389
180,2024-07-30,0016035
180,2024-07-19,0022497
90,2024-07-12,0023665
